No.,検索クエリ, 表示回数 , クリック数▼ 
1,03-5347-2707,17,9
2,3階 ベランダ サンルーム 後付け,25,1
3,fkj tui,2,1
4,gva 制震 欠点,10,1
5,i'm universe,2,1
6,ipa グラス,2,1
7,ipa グラス おすすめ,1,1
8,kid fresino - no sun ロケ 地,2,1
9,kid fresino no sun ロケ 地,15,1
10,ldk インテリア,66,1
11,ldk おしゃれ レイアウト,4,1
12,ldk コーディネート,2,1
13,ldk レイアウト,181,1
14,ldk 家具 レイアウト,17,1
15,ldk 家具 配置,6,1
16,michiya,19,1
17,momentum wireless 3,4,1
18,momentum wireless 3 有線,10,1
19,naming lights,3,1
20,NTT日比谷ビル 屋上 一般,13,3
21,sdgs 産業 技術革新 基盤 つくろう できること,1,1
22,sdgs 取り組み,14,1
23,usb あったか グッズ,1,1
24,usb キャンプ,1,1
25,usb グッズ 屋外,30,2
26,usb 屋外,28,2
27,usb 暖房 キャンプ,20,1
28,usb 暖房 キャンプ,19,2
29,アート 暮らし,11,2
30,アイム・ユニバース,52,4
31,アイム・ユニバース,2498,841
32,アイム・ユニバース dr.clo,14,2
33,アイム・ユニバース グループ,10,2
34,アイム・ユニバース スタッフ,18,2
35,アイム・ユニバース てだこホール,256,12
36,アイム・ユニバース バシレイオン,624,175
37,アイム・ユニバース バシレイオン 南橋本,14,8
38,アイム・ユニバース バシレイオン 評判,151,55
39,アイム・ユニバース バシレイオン下北沢,20,12
40,アイム・ユニバース バシレイオン久が原,16,11
41,アイム・ユニバース バシレイオン金町,26,12
42,アイム・ユニバース バシレイオン十条,12,5
43,アイム・ユニバース バシレイオン都立大学,11,6
44,アイム・ユニバース バシレイオン琉球,12,8
45,アイム・ユニバース ヤクルト,58,12
46,アイム・ユニバース ラヴィシア,7,1
47,アイム・ユニバース ラヴィシア寄宮,16,15
48,アイム・ユニバース 炎上,147,10
49,アイム・ユニバース 沖縄,232,128
50,アイム・ユニバース 沖縄 評判,49,7
51,アイム・ユニバース 沖縄市美原 新築,2,1
52,アイム・ユニバース 建設,18,9
53,アイム・ユニバース 建設,71,23
54,アイム・ユニバース 建売 評判,337,65
55,アイム・ユニバース 口コミ,16,3
56,アイム・ユニバース 採用,24,3
57,アイム・ユニバース 篠原,250,199
58,アイム・ユニバース 社長,113,23
59,アイム・ユニバース 神宮,10,1
60,アイム・ユニバース 値引き,59,16
61,アイム・ユニバース 中古,28,1
62,アイム・ユニバース 坪単価,57,10
63,アイム・ユニバース 評判,171,28
64,アイム・ユニバース 物件,35,6
65,アジ 干物 作り方 冬,1,1
66,アジアン リゾート,210,2
67,アジアン 部屋 作り,4,1
68,アフタヌーンティー 家,4,1
69,アフタヌーンティー 自宅,25,1
70,アフタヌーンティー 自宅,9,1
71,アフタヌーンティー 自宅 お取り寄せ,3,1
72,アルミ ダッチ オーブン 注意点,14,1
73,インテリア クール モダン,9,1
74,インテリア ヒント,36,1
75,インテリア レイアウト,20,1
76,インテリア 楽しい,19,3
77,インテリア 洗練,4,1
78,インテリア 素敵,5,1
79,インナー バルコニー 台風,56,2
80,ウッド デッキ タープ,89,1
81,ウッド デッキ タープ DIY,2,1
82,ウッド デッキ タープ ポール,7,1
83,ウッド デッキ タープ 常設,59,3
84,ウッド デッキ タープ 張り方,19,5
85,ウッド デッキ タープ 張る,30,4
86,ウッド デッキ タープ 付け方,3,1
87,ウッド デッキ タープ ポール,38,2
88,ウッド デッキ テント 固定,8,1
89,ウッド デッキ テント 自宅,1,1
90,ウッド デッキ バーベキュー シート,24,1
91,ウッド デッキ メリット,29,1
92,ウッド デッキ ランタン,92,2
93,ウッド デッキ リゾート,30,1
94,ウッド デッキ 囲炉裏,20,1
95,ウッド デッキ 椅子 雨,43,4
96,ウッド デッキ 屋上,33,1
97,ウッド デッキ 家具 雨,6,1
98,ウッド デッキ 強 風 対策,39,3
99,ウッド デッキ 置くだけ 台風,14,1
100,ウッド デッキ 鳥 糞 掃除,19,6
101,ウッド デッキ 風 除け,1,1
102,ウッド デッキ 防水 加工,1,1
103,ウッド デッキ 遊 び 方,3,1
104,エアーマット キャンプ,22,1
105,エアリアル シルク 自宅,19,1
106,エアリアル ヨガ,369,5
107,エアリアル ヨガ ダイエット,28,1
108,エアリアル ヨガ ポーズ,36,2
109,エアリアル ヨガ 効果,288,29
110,エアリアル ヨガ 工務店,14,2
111,エアリアル ヨガ 付け方,3,1
112,エンターテイメント 楽しみ方,2,1
113,オイルサーディン 缶詰 直火,3,1
114,オーニング 屋上,25,1
115,おしゃれ パーティー,13,1
116,おしゃれ ホーム パーティー,46,3
117,おしゃれ 屋上 テラス,3,1
118,おすすめ クーラーボックス キャンプ,1,1
119,おもちゃ 収納,95,2
120,おもちゃ 多 すぎ る,102,4
121,おもちゃ 多 すぎ る 収納,18,1
122,おもてなし 自宅,26,2
123,おもてなし 準備,18,3
124,オンライン コンサート プロジェクター,3,1
125,オンライン コンサート 楽しみ方,15,3
126,オンライン パーソナル,131,1
127,オンライン パーソナル トレーニング,254,1
128,オンライン ライブ 食べ物,44,14
129,酒 飲まない 夜 過ごし方,10,1
130,肉 下ごしらえ,25,1
131,ガーデニング ガーデニング 増やす メリット,22,6
132,ガーデン ソファ 雨,224,8
133,ガーデン テーブル 台風 対策,20,7
134,ガーデン パラソル 風 対策,5,1
135,ガーデン テーブル 風 飛ばない,47,5
136,ガゼボ 台風,71,19
137,ガゼボ 台風 対策,8,2
138,ガゼボ 庭 台風,21,3
139,カフェイン なし 温かい 飲み 物,12,2
140,カルビ 下ごしらえ 一晩,1,1
141,ガレージ キャンプ 用 品 収納,1,1
142,キネティック サンド 掃除,1,1
143,キャンプ アイデア,4,2
144,キャンプ あったか 料理,32,3
145,キャンプ インスタ 映え 料理,1,1
146,キャンプ オーブン 代用,37,12
147,キャンプ おしゃれ アイデア,15,1
148,キャンプ おつまみ 前日,6,2
149,キャンプ ギア 収納 自宅,14,1
150,キャンプ ココア,31,2
151,キャンプ コッヘル,11,1
152,キャンプ ごはん,2,1
153,キャンプ ご飯 手抜き,7,1
154,キャンプ ご飯 冬,9,2
155,キャンプ スイーツ,8,2
156,キャンプ スイーツ 冬,9,1
157,キャンプ スープ 缶,1,1
158,キャンプ ダッチ オーブン パン,2,1
159,キャンプ テクニック,20,1
160,キャンプ デザート 冬,58,3
161,キャンプ バーベキュー コンロ,3,1
162,キャンプ パン,1102,57
163,キャンプ パン スキレット,103,29
164,キャンプ パン フライパン,131,9
165,キャンプ パン レシピ,7,1
166,キャンプ パン 温め,38,1
167,キャンプ パン 簡単,19,1
168,キャンプ パン 作り方,8,1
169,キャンプ パン 焼 き,679,128
170,キャンプ パン 焼 き 方,22,2
171,キャンプ パン 焼 く,226,20
172,キャンプ パン 焼 く 方法,15,9
173,キャンプ パン づくり,51,8
174,キャンプ ホットミルク,1,1
175,キャンプ マグカップ おすすめ,108,1
176,キャンプ マット,889,4
177,キャンプ マット おすすめ 2020,1,1
178,キャンプ メニュー,33,1
179,キャンプ メニュー 冬,3,1
180,キャンプ ラグ,54,1
181,キャンプ ラグ おすすめ,30,1
182,キャンプ 屋根 だけ,12,1
183,キャンプ 温かい 酒,3,1
184,キャンプ 温かい 飲み 物,35,1
185,キャンプ 下ごしらえ,4,1
186,キャンプ 楽しみ方,10,1
187,キャンプ 楽しむ グッズ,1,1
188,キャンプ 缶詰,57,3
189,キャンプ 缶詰 ランキング,157,7
190,キャンプ 缶詰 温め 方,2,1
191,キャンプ 缶詰 直火,117,2
192,キャンプ 手作り パン,25,1
193,キャンプ 収納,246,1
194,キャンプ 収納 棚,8,1
195,キャンプ 色 使い,3,1
196,キャンプ 食 パン レシピ,3,1
197,キャンプ 絶品 料理,18,3
198,キャンプ 前菜,4,1
199,キャンプ 朝食 冬,11,1
200,キャンプ 朝食 和食,2,1
201,キャンプ 天体 観測 道具,3,1
202,キャンプ 道具 まとめ方,1,1
203,キャンプ 道具 収納,77,3
204,キャンプ 道具 収納 スチールラック,2,1
205,キャンプ 道具 収納 自宅,2,1
206,キャンプ 鍋 料理,159,3
207,キャンプ 肉 下ごしらえ,74,12
208,キャンプ 肉 料理,60,2
209,キャンプ 日本酒,4,1
210,キャンプ 飯,1011,9
211,キャンプ 飯 スキレット 肉,3,1
212,キャンプ 飯 ダッチ オーブン,18,1
213,キャンプ 飯 パン,82,3
214,キャンプ 飯 レトルト,1,1
215,キャンプ 飯 温かい,1,1
216,キャンプ 飯 温まる,1,1
217,キャンプ 飯 簡単,150,4
218,キャンプ 飯 缶詰,67,6
219,キャンプ 飯 缶詰 直火,124,11
220,キャンプ 飯 自宅,9,1
221,キャンプ 飯 食 パン,2,1
222,キャンプ 飯 冬,73,8
223,キャンプ 飯 冬 簡単,2,1
224,キャンプ 飯 冬 鍋,18,1
225,キャンプ 飯 鍋,22,1
226,キャンプ 風 インテリア,29,2
227,キャンプ 風 強い 時,62,1
228,キャンプ 風 速,14,1
229,キャンプ 用 品 usb ポット,3,1
230,キャンプ 用 品 コップ,1,1
231,キャンプ 用 品 ダッチ オーブン,10,1
232,キャンプ 用 品 どこにしまう,14,2
233,キャンプ 用 品 室内,1,1
234,キャンプ 用 品 収納 マンション,24,2
235,キャンプ 用 品 収納 屋外,4,1
236,キャンプ 用 品 収納 自宅,10,1
237,キャンプ 用 品 収納 場所,15,1
238,キャンプ 用 品 収納 物置,26,3
239,キャンプ 用 品 日常,5,1
240,キャンプ 用 品 物置,44,4
241,キャンプ 用 品 片付 け,2,1
242,キャンプ 用 品 保管,49,1
243,キャンプ 用 品 保管 物置,15,1
244,キャンプ 料理 おしゃれ,15,3
245,キャンプ 料理 下ごしらえ,2,1
246,キャンプ 料理 鍋,16,1
247,キャンプ 料理 肉,9,1
248,クーラーボックス どこに 収納,18,1
249,クーラーボックス 自宅 活用,50,3
250,クーラーボックス 収納 場所,15,4
251,クーラーボックス 収納 方法,18,1
252,クーラーボックス 置き 場所,1,1
253,クーラーボックス 中身,1,1
254,クーラーボックス 保管 場所,24,1
255,クール モダン インテリア,20,2
256,クッカー パン 焼 く,21,3
257,ぐっすり 眠 れる 部屋,180,25
258,くつろげる リビング ダイニング,2,1
259,クラフト ビール グラス,3,1
260,グランピング インテリア,89,1
261,グランピング テント,78,1
262,グランピング 映画,2,1
263,グランピング 家具,28,2
264,グランピング 風 インテリア,57,3
265,グランピング 風 部屋,6,1
266,コーヒー パーコレーター 使い方,2,1
267,コーヒー 屋外 つくる,1,1
268,コストコ 大型 遊 具 2021,11,4
269,コストコ 遊 具 2021,6,1
270,コストコ 遊 具 2021,1,1
271,コストコ 遊 具 台風,2,1
272,こたつ 外,12,1
273,コットンテント カビ,2,1
274,コッヘル,372,1
275,コッヘル クッカー 違い,428,12
276,コッヘル とは,123,1
277,コッヘル レシピ,2,1
278,ゴルフ スイング 練習 自宅,9,1
279,ゴルフ 自宅 練習,19,2
280,ゴルフ 練習 方法 自宅,6,2
281,コンクリート タープ,48,9
282,コンクリート テント,16,1
283,コンクリート 上 タープ,22,1
284,コンセント 挿すだけ 太陽光 発電,6,1
285,サウナ おじさん,2,1
286,サウナ ストーブ 自宅,68,7
287,サウナ ストーブ 電気 ロウリュ,4,1
288,サウナ つくる,280,33
289,サウナ つくる 費用,43,4
290,サウナ ハウス,3,1
291,サウナ プライベート,14,1
292,サウナ ベランダ,25,8
293,サウナ 屋外 設置,12,2
294,サウナ 屋外 用,1,1
295,サウナ 屋上,54,8
296,サウナ 家 つくる,51,4
297,サウナ 家庭 用 屋外,70,8
298,サウナ 作りたい,26,1
299,サウナ 自宅,61,3
300,サウナ 自宅 費用,67,3
301,サウナ 自宅 用,32,1
302,サウナ 自宅 用 庭,18,1
303,サウナ 水 風呂 麻薬,20,1
304,サウナ 設置,16,1
305,サウナ 電気,1,1
306,ささみ バーベキュー,1,1
307,サッカー 家 中 練習,2,1
308,サッカー 家 練習,3,1
309,サンルーム,511,3
310,サンルーム 1階,1,1
311,サンルーム ある 家,137,3
312,サンルーム カーテン 後付け,8,2
313,サンルーム 屋上,50,6
314,サンルーム 家,63,2
315,サンルーム 家 中,13,1
316,サンルーム 建築基準法,23,1
317,サンルーム 戸建て,17,1
318,サンルーム 増築,160,1
319,サンルーム 日当たり,15,1
320,シェラカップ 普段使い,4,1
321,ジャグジー,31,1
322,ジャグジー ある 家,2,1
323,ジャグジー 屋上,18,2
324,ジャグジー 庭,3,1
325,シンプル モダン,766,2
326,シンプル モダン インテリア,860,3
327,スキレット オーブン 代用,43,7
328,スキレット パン,172,5
329,スキレット パン,378,36
330,スキレット パン オーブン なし,38,2
331,スキレット パン キャンプ,82,25
332,スキレット パン レシピ,1,1
333,スキレット パン 焼 く,8,4
334,スキレット パン 直火,71,13
335,スキレット 蒸し 焼 き,1,1
336,スキレット 料理,609,1
337,スキレット 料理,393,1
338,スキレット 料理 キャンプ,9,1
339,スキレット 料理 簡単,3,1
340,スタウト グラス,1,1
341,スチールラック キャンプ 道具,1,1
342,ステーキ バーベキュー,1,1
343,ステーキ 下ごしらえ,40,2
344,ステーキ 下ごしらえ 前日,116,3
345,ステーキ 玉ねぎ 下ごしらえ 時間,1,1
346,ステンレス ダッチ オーブン レシピ,4,1
347,スノーピーク パーコレーター ih,21,5
348,スモーク する 美味しいもの,1,1
349,センス 良い ディスプレイ,439,26
350,ソファ ある 暮らし,60,7
351,ソファ 外,19,1
352,ソロ キャンプ やること,18,1
353,ソロ キャンプ 体験,59,2
354,ソロ キャンプ 練習,3,1
355,タープ ウッド デッキ,5,1
356,タープ おすすめ 庭,13,1
357,タープ コンクリート,112,18
358,タープ コンクリート 上,22,3
359,タープ ポール 庭,4,1
360,タープ 屋根,46,3
361,タープ 屋上,48,16
362,タープ 家 固定,56,2
363,タープ 固定,6,1
364,タープ 固定 方法 アスファルト,84,14
365,タープ 自宅,29,1
366,タープ 常設,19,1
367,タープ 柱 庭,22,1
368,タープ 張り方,5,1
369,タープ 張り方 庭,15,1
370,タープ 庭 固定,68,6
371,タープ 庭 常設,47,2
372,タープ 庭 張り方,28,6
373,タープ 風 強い,19,2
374,タープ 風 速,150,13
375,タープ テント コンクリート,12,1
376,タープ テント 固定 コンクリート,4,1
377,タープ テント 常設,10,1
378,タープ ポール 固定,3,1
379,タープ ポール 庭,10,1
380,タイル デッキ タープ,1,1
381,ダッジ オーブン レシピ,14,2
382,ダッチ オーブン,264,1
383,ダッチ オーブン ih レシピ,25,1
384,ダッチ オーブン グラタン,4,1
385,ダッチ オーブン スイーツ,6,2
386,ダッチ オーブン スペアリブ 焼 き,1,1
387,ダッチ オーブン パン,108,3
388,ダッチ オーブン パン ガスコンロ,152,19
389,ダッチ オーブン パン キャンプ,2,1
390,ダッチ オーブン パン 自宅,91,30
391,ダッチ オーブン パン 発酵 なし,14,1
392,ダッチ オーブン レシピ,448,11
393,ダッチ オーブン レシピ 家,155,6
394,ダッチ オーブン レシピ 家庭,13,1
395,ダッチ オーブン 家,44,2
396,ダッチ オーブン 家 レシピ,48,1
397,ダッチ オーブン 家 使う,67,2
398,ダッチ オーブン 家庭 レシピ,15,1
399,ダッチ オーブン 蓋 置き場,1,1
400,ダッチ オーブン 蓋 料理,16,1
401,ダッチ オーブン 簡単 レシピ,17,3
402,ダッチ オーブン 使い方,98,1
403,ダッチ オーブン 使い方 家庭,33,2
404,ダッチ オーブン 蒸し器,14,2
405,ダッチ オーブン 食 パン,2,1
406,ダッチ オーブン 代用,41,1
407,ダッチ オーブン 電子レンジ,11,1
408,ダッチ オーブン 普段使い,42,4
409,ダッチ オーブン 料理,122,5
410,ダッチ オーブン 料理家,17,1
411,チーズ バーベキュー,10,1
412,ツバメ 糞 掃除,27,2
413,ツバメ 糞 掃除,94,4
414,つば九郎 CM,8,5
415,つる棚 パーゴラ,20,2
416,デイキャンプ 日 除け,3,1
417,デスク ライト 機能的,1,1
418,デスク ライト 設置 位置,1,1
419,デスク ライト 置き方,12,3
420,てだこホール,974,4
421,デッキ ソファ,15,3
422,テラス ガーデニング,22,1
423,テラス キャンプ,56,8
424,テラス ストーブ,21,4
425,テラス ソファ 雨,43,3
426,テラス チェア,44,1
427,テラス テント,22,1
428,テラス バーベキュー,148,7
429,テラス バーベキュー 自宅,56,10
430,テラス ヒーター,4,1
431,テラス プール 自宅,10,1
432,テラス ライト おしゃれ,15,1
433,テラス ライトアップ,131,3
434,テラス レイアウト,11,1
435,テラス 椅子 雨,7,1
436,テラス 屋根 照明,3,1
437,テラス 家具 雨,11,1
438,テラス 芝生,19,2
439,テラス 照明,201,1
440,テラス 照明 おしゃれ,20,1
441,テラス 席 ヒーター,6,1
442,テラス 素材,16,1
443,テラス 掃除,1,1
444,テラス 台風,83,2
445,テラス 暖炉,7,1
446,テラス 虫,40,1
447,テラス 虫 除け,64,9
448,テラス 風 除け,2,1
449,テラス 焚き火,18,2
450,テラス 用 ソファ,34,6
451,テレ ワーク キャンプ チェア,20,3
452,テレ ワーク キャンプ 用 品,21,2
453,テレ ワーク デスク ライト,7,2
454,テレ ワーク 屋外,16,2
455,テレ ワーク 屋外,25,4
456,テレ ワーク 屋外 チェア,25,3
457,テント おすすめ,491,1
458,テント コンクリート,5,1
459,テント コンクリート 上,2,1
460,テント サウナ ベランダ,132,30
461,テント サウナ 屋上,19,3
462,テント サウナ 自宅,317,30
463,テント サウナ 自宅 庭,14,1
464,テント サウナ 自宅 屋上,10,4
465,テント サウナ 庭,8,2
466,テント サウナ 電気,13,4
467,テント サウナ 電気 ストーブ,20,5
468,テント サウナ 電気 式,9,2
469,テント 屋根 だけ,18,1
470,テント 屋上,21,2
471,テント 家,12,1
472,テント 家 中,48,1
473,テント 砂利 上,2,1
474,テント 自宅,12,1
475,テント 収納 場所,3,1
476,テント 色 暑さ,1,1
477,テント 風 対策,40,1
478,テント 風 向き,1,1
479,テント 物置 保管,3,1
480,テント 保管 物置,2,1
481,ドッグラン つくる,2,1
482,ドッグラン 屋上,4,3
483,ドッグラン 床,7,1
484,ドッグラン 床材,33,4
485,鳥 糞 掃除,28,8
486,トレーニング ルーム 自宅,4,1
487,トレーニング ルーム 自宅 おしゃれ,4,2
488,パーゴラ おしゃれ,45,3
489,パーゴラ テラス,2,1
490,パーゴラ バルコニー,2,1
491,パーゴラ 屋上,17,6
492,パーゴラ 台風,1,1
493,パーゴラ 台風 対策,2,1
494,パーコレーター ih 対応,6,2
495,パーソナル トレーニング,1,1
496,パーティー おしゃれ,4,1
497,パーティー ホーム,1,1
498,パーティー 家,16,3
499,パーティー 自宅,1,1
500,パーティー 友達,5,2
501,パーティー 料理 おしゃれ,1,1
502,パーティー 料理 インパクト,1,1
503,パーティー 料理 簡単 おしゃれ,2,2
504,バーベキュー カセット コンロ 禁止,2,1
505,バーベキュー コンロ,103,1
506,バーベキュー コンロ,36,1
507,バーベキュー コンロ おしゃれ,1,1
508,バーベキュー コンロ おすすめ,7,1
509,バーベキュー コンロ おすすめ,39,1
510,バーベキュー コンロ ガーデン タイプ,2,1
511,バーベキュー コンロ 下敷き,1,1
512,バーベキュー コンロ 収納 屋外,5,2
513,バーベキュー コンロ 収納 家,17,4
514,バーベキュー ステーキ 下ごしらえ,2,2
515,バーベキュー ステーキ 下ごしらえ,31,17
516,バーベキュー ステーキ 肉 下ごしらえ,4,3
517,バーベキュー チーズ,4,1
518,バーベキュー できる 一軒 家,1,1
519,バーベキュー できる 家,1,1
520,バーベキュー できる 家 東京,4,2
521,バーベキュー テラス 自宅,11,4
522,バーベキュー パーティー,2,1
523,バーベキュー パン 焼 き 方,16,2
524,バーベキュー ベランダ,3,1
525,バーベキュー レシピ 子供,3,1
526,バーベキュー 煙,2,1
527,バーベキュー 煙 出ない 炭,1,1
528,バーベキュー 煙 対策,33,6
529,バーベキュー 屋上,69,4
530,バーベキュー 下ごしらえ,221,32
531,バーベキュー 下ごしらえ 肉,28,17
532,バーベキュー 下味,17,12
533,バーベキュー 塊 肉 下ごしらえ,35,17
534,バーベキュー 楽しみ方,3,1
535,バーベキュー 寒さ 対策,1,1
536,バーベキュー 牛 肉 下ごしらえ レシピ,8,2
537,バーベキュー 鶏 肉 下ごしらえ,50,15
538,バーベキュー 前菜,19,5
539,バーベキュー 卓上 コンロ,2,1
540,バーベキュー 庭 屋根,1,1
541,バーベキュー 豚 肉 下ごしらえ,27,6
542,バーベキュー 肉 下ごしらえ,458,197
543,バーベキュー 肉 下ごしらえ タレ 人気,28,4
544,バーベキュー 肉 下ごしらえ 玉ねぎ,5,3
545,バーベキュー 肉 下ごしらえ 時間,1,1
546,バーベキュー 風 速,9,1
547,バーベキュー 風 対策,61,12
548,バーベキュー 便利 グッズ,9,1
549,バーベキュー 野菜,66,6
550,バーベキュー セット 収納 場所,4,1
551,バシレイオン 意味,9,2
552,パティオ ヒーター,40,11
553,パラソル ヒーター パティオ ヒーター 違い,4,2
554,ハラミ 下ごしらえ,2,1
555,バルコニー インテリア 雨,15,3
556,バルコニー サウナ,11,3
557,バルコニー シェード 台風,3,2
558,バルコニー ソファ 雨,15,5
559,バルコニー タープ,7,1
560,バルコニー タープ 張り方,18,6
561,バルコニー ドッグラン,17,1
562,バルコニー パーゴラ,8,1
563,バルコニー バーベキュー,11,1
564,バルコニー プール 戸建,1,1
565,バルコニー ライト ソーラー,1,1
566,バルコニー 家具 雨,5,1
567,バルコニー 間接 照明,2,1
568,バルコニー 照明 ソーラー,1,1
569,バルコニー 虫 除け,8,2
570,バルコニー 用 ソファ,8,2
571,バレエ バー 自宅 おすすめ,2,1
572,バレエ 自宅 練習 大人,1,1
573,バレエ 準備,1,1
574,ハワイアン インテリア,84,1
575,パン キャンプ,18,3
576,パン フライパン 焼 く,1,1
577,パン 屋外,3,1
578,パン 自宅,2,1
579,パン 焼 き キャンプ,10,4
580,パン 焼 く,8,1
581,パン 焼 く 方法,7,4
582,ハンモック テラス,5,2
583,ハンモック ベランダ 手すり,1,1
584,ハンモック ヨガ,19,2
585,ハンモック ヨガ 効果,94,15
586,ハンモック 屋外 雨,31,9
587,ハンモック 屋上,7,3
588,ハンモック 効果,1,1
589,ビール テラス,1,1
590,ひと鍋 料理,43,5
591,ビニール プール おしゃれ,1,1
592,ビニール プール 滑り台 ブログ,1,1
593,ビニール プール 砂場,1,1
594,ビニール プール 収納,9,4
595,ビニールハウス サウナ,2,1
596,ビニールプール 滑り台 滑らない,6,2
597,アイム・ユニバース ひものテラス,30,1
598,ヒヨドリ 糞 掃除,15,7
599,フィンガー フード,34,10
600,フィンガー フード とは,9,1
601,フィンガー フード ピンチョス,2,2
602,フィンガー フード 簡単 パーティー,2,1
603,フィンランド サウナ 自宅,4,2
604,プール ある 家,2,1
605,プール メンテナンス,11,3
606,プール 家 費用,1,1
607,プール 筋トレ,1,1
608,プール 自宅 費用,1,1
609,プール 収納,8,2
610,プール 週1 気分転換,2,1
611,プール 住宅,1,1
612,プール 付 一戸建て,15,4
613,プール 付 家,62,8
614,プール 付 家 値段,1,1
615,プール 付 戸建て,1,1
616,プール 付 物件 一戸建て 沖縄,5,3
617,プール 遊 び,6,2
618,フォロー リツイート キャンペーン,1,1
619,プチ 燃え ファイヤー,1,1
620,フライパン パン 焼 く,2,2
621,プライベート サウナ,5,2
622,プライベート シネマ,5,2
623,プライベート 映画,1,1
624,プランター 付 フェンス 強風 対策,1,1
625,プロジェクター ライブ配信,2,2
626,ベランダ キャンプ マンション,1,1
627,ベランダ キャンプ 狭い,1,1
628,ベランダ サウナ,133,49
629,ベランダ サンルーム,2,1
630,ベランダ ソファ,3,1
631,ベランダ ソファ 雨,8,2
632,ベランダ テント,1,1
633,ベランダ テント おすすめ,32,8
634,ベランダ テント サウナ,4,2
635,ベランダ バーベキュー 煙 対策,60,14
636,ベランダ バルコニー どっち 良い,41,8
637,ベランダ ミニ 焚き火,1,1
638,ベランダ ライト アップ,3,3
639,ベランダ ライト 明るい,1,1
640,ベランダ ラティス 強 風 対策,1,1
641,ベランダ 椅子 雨 日,3,1
642,ベランダ 家具 雨,2,1
643,ベランダ 蚊 対策,26,5
644,ベランダ 活用 方法,1,1
645,ベランダ 手すり 鳥 糞 掃除,1,1
646,ベランダ 雪 溶かす,3,1
647,ベランダ 台風 対策,4,2
648,ベランダ 暖かく,3,3
649,ベランダ 置きっぱなし 椅子,2,1
650,ベランダ 虫,5,1
651,ベランダ 虫 除け 対策,13,5
652,ベランダ 虫 対策,34,5
653,ベランダ 虫 来 ないようにする,10,2
654,ベランダ 鳥 糞,115,58
655,ベランダ 鳥 糞 掃除,332,91
656,ベランダ 冬 暖かく,2,2
657,ベランダ 物置 台風 対策,4,2
658,ベランダ 糞,37,13
659,ベランダ 糞 掃除,10,6
660,ベランダ 防 虫,1,1
661,ベランダ 遊 び 大人,1,1
662,ベランダ 遊 び 方,1,1
663,ベランダ 用 ソファ,1,1
664,ベランダ 露天 風呂 自作,1,1
665,ベランピング,160,9
666,ベランピング おしゃれ,3,1
667,ベランピング ソファ,1,1
668,ベランピング テント 固定,3,2
669,ベランピング ハンモック,42,20
670,ベランピング メニュー,1,1
671,ベランピング ラグ,2,1
672,ベランピング 一軒 家,61,13
673,ベランピング 一人 暮らし,25,7
674,ベランピング 雨,11,3
675,ベランピング 屋根,1,1
676,ベランピング 寒さ 対策,2,2
677,ベランピング 子供,1,1
678,ベランピング 床,1,1
679,ベランピング 虫 対策,32,11
680,ベランピング 冬,3,1
681,ベランピング 日 除け,1,1
682,ベランピング 必要 もの,3,1
683,ベランピング 料理 冬,4,2
684,ヘリノックス テレ ワーク,1,1
685,ヘルシー おつまみ おしゃれ,2,2
686,ホーム パーティー,997,23
687,ホーム パーティー おしゃれ,7,1
688,ホーム パーティー おすすめ,4,2
689,ホーム パーティー おもしろい,5,2
690,ホーム パーティー 種類,25,4
691,ホーム パーティー 準備,36,6
692,ホーム パーティー 女子 会,4,2
693,ホーム パーティー 前日 準備,1,1
694,ホーム パーティー 友達,5,2
695,ホーム パーティー 用意 する もの,1,1
696,ホーム パーティー 料理 おしゃれ,10,1
697,ホーム パーティ おしゃれ,1,1
698,ボールプール 掃除 方法,1,1
699,ホテル みたいな インテリア,1,1
700,ホテル 洗面所,2,1
701,ホムパ メニュー,1,1
702,ポリコットン テント,8,2
703,ポリコットン テント カビ,1,1
704,ポリコットン テント ファミリー,1,1
705,マイホーム サウナ,1,1
706,マグカップ 屋外,4,1
707,マグカップ 持ち運び方,4,1
708,マット 屋外,1,1
709,ママ友 おもてなし 料理,1,1
710,ママ友 ホーム パーティー メニュー,4,4
711,ママ友 注文 住宅,1,1
712,マンション ベランダ ソファ,2,1
713,マンション 屋上 行きたい,1,1
714,マンション 防 音 対策 床,2,1
715,マンチカン ジャンプ力,1,1
716,みちや 津田沼,49,1
717,ミュージック ビデオ ロケ ロケ 地,78,4
718,ミュージック ビデオ ロケ 屋上,4,1
719,ミュージック ビデオ ロケ 地,1,1
720,ムクドリ 糞 掃除,2,1
721,メスティン うなぎ,1,1
722,メスティン パエリア,14,3
723,メスティン メーカー おすすめ,1,1
724,メスティン メーカー 比較,2,1
725,メスティン レシピ,36,4
726,メスティン レシピ 固形 燃料,1,1
727,メスティン 固形 燃料 レシピ,1,1
728,モダン 雰囲気,1,1
729,モバイル バッテリー 暖房,1,1
730,モバイル バッテリー 暖房 キャンプ,4,2
731,ヤクルト スワローズ スポンサー,8,1
732,ユニバース とは,2,1
733,ヨガ スペース 自宅,1,1
734,よく 眠 れる 部屋,23,1
735,ライトアップ 照明 屋外,1,1
736,ライブ 食べ物,1,1
737,ライブ 配信 プロジェクター,4,3
738,ライム 果汁 カルディ,1,1
739,ラガー ビール グラス,1,1
740,ラグジュアリー 空間,1,1
741,ランプ インテリア おしゃれ,1,1
742,リゾート キッチン,6,3
743,リゾート 庭 つくり 方,2,1
744,リゾート 風 キッチン,5,3
745,リビング ダイニング テーブル レイアウト,1,1
746,リビング ダイニング レイアウト,5,1
747,リビング ダイニング 分かれている,1,1
748,リビング レイアウト,4,2
749,リビング 間取 レイアウト,1,1
750,リビング 照明 テクニック,1,1
751,リビング 寝 転がる インテリア,1,1
752,リビング 読書 コーナー,1,1
753,リモート スペース,2,1
754,リモート ワーク デスク ライト,2,2
755,リモート ワーク ベランダ,4,2
756,リモート ワーク リフレッシュ,1,1
757,リモート ワーク 屋外 チェア,10,5
758,リモート ワーク 気分転換,1,1
759,リモート ワーク 休憩,1,1
760,リモート ワーク 切り替え,1,1
761,ルイスポールセン アーティチョーク 掃除,1,1
762,ルーフ バルコニー ソファ 雨,5,3
763,ルーフ バルコニー ソファ,16,8
764,ルーフ バルコニー タープ,2,2
765,ルーフ バルコニー タープ 設置,4,2
766,ルーフ バルコニー ドッグラン,5,2
767,ルーフ バルコニー ホットプレート,2,1
768,ルーフ バルコニー 屋上 違い,7,4
769,ルーフ バルコニー 家具 雨,5,4
770,ルーフ バルコニー 強 風 対策,17,8
771,ルーフ バルコニー 洗濯 物 干し,1,1
772,ルーフ バルコニー 台風,29,18
773,ルーフ バルコニー 風 対策,73,22
774,レタス 連作,1,1
775,ロー インテリア,7,2
776,ロー スタイル インテリア,14,4
777,ロー スタイル リビング インテリア,1,1
778,ロー スタイル 部屋,1,1
779,ロー ボルト ライト デメリット,1,1
780,ロー 家具,2,1
781,ロー 家具 インテリア,2,1
782,ロータス グリル サイズ おすすめ,1,1
783,ロータス グリル テーブル,5,3
784,ロータス グリル 火力,2,1
785,ロータス グリル 使い方,43,9
786,ロータス グリル 室内,111,13
787,ロータス グリル 洗い方,9,6
788,ロータス グリル 炭,1,1
789,ロータス グリル 炭 おすすめ,1,1
790,ロータス グリル 網 代用,4,2
791,ロッキング チェア メリット,1,1
792,ロッキング チェア 効果,61,7
793,ロッキング チェア 有名,1,1
794,ワーク スペース デスク,1,1
795,ワーク スペース ライト,1,1
796,ワーク スペース 奥行き,2,1
797,ワーク スペース 自宅 狭い,4,1
798,ワーク スペース 照明,3,2
799,ワインセラー 音 対策,2,2
800,ワインセラー 自宅,4,1
801,ワインセラー 必要,1,1
802,ワンカット ミュージック ビデオ ロケ 邦楽,1,1
803,ワンポール テント コンクリート,2,1
804,ワンポット 料理,4,1
805,愛 ままに ロケ 地,5,2
806,囲炉裏 ある 生活,1,1
807,囲炉裏 焼 くもの,1,1
808,育てやすい 野菜 ランキング,1,1
809,一軒 家 トレーニング ルーム,1,1
810,一軒 家 バーベキュー,1,1
811,一軒 家 屋上 バーベキュー,2,2
812,一軒 家 雪 対策,6,2
813,一軒 家 虫 除け,1,1
814,一軒 家 鳥 糞,5,1
815,一戸建て サンルーム,3,1
816,一戸建て プール,2,1
817,一戸建て 屋上 バーベキュー,33,8
818,引きずる 音,1,1
819,羽 虫 対策,4,2
820,雨 バーベキュー 家,1,1
821,雨 バーベキュー 庭,3,1
822,雨 楽しむ,2,2
823,雨 楽しむ 方法,19,5
824,雨 好きになる 方法,1,1
825,雨 日 家 時間,1,1
826,雨 日 楽しい,2,1
827,雨 日 楽しい こと,1,1
828,雨 日 楽しくなる 方法,46,26
829,雨 日 楽しむ,19,5
830,雨 日 集中 できない,1,1
831,雨 日 素敵 な 過ごし方,1,1
832,雨 雰囲気,2,1
833,雨 漏り 屋上,3,1
834,運動 不足 プール,2,1
835,延べ 床 面積 屋上,1,1
836,煙 出ない 炭,1,1
837,沖縄 プール 付 一軒家,5,2
838,沖縄 規格 住宅,1,1
839,沖縄 良い 物件,1,1
840,荻窪有川ビル アイム・ユニバース,5,2
841,屋外 カップ,187,1
842,屋外 クッション,1,1
843,屋外 グッズ 収納,40,1
844,屋外 コーヒー パーコレーター,1,1
845,屋外 こたつ,2,1
846,屋外 サンダル 冬,1,1
847,屋外 ソファ,51,7
848,屋外 ソファ おすすめ,1,1
849,屋外 ソファ クッション,3,1
850,屋外 ソファ 雨,36,16
851,屋外 ソファ 雨,7,3
852,屋外 ソファ 防水,16,2
853,屋外 チェア テレ ワーク,52,6
854,屋外 チェア パソコン 作業,7,1
855,屋外 チェア リモート ワーク,15,1
856,屋外 チェア 室内,12,1
857,屋外 チェア 収納,17,1
858,屋外 チェア 収納 方法,49,6
859,屋外 テーブル リモート ワーク,10,1
860,屋外 デスク ワーク,16,2
861,屋外 テラス,7,1
862,屋外 テレ ワーク,62,6
863,屋外 パーコレーター ih,7,2
864,屋外 パン,99,8
865,屋外 パン づくり,18,1
866,屋外 パン 焼 く,77,4
867,屋外 マグカップ,215,2
868,屋外 リビング,327,4
869,屋外 リビング 雨,19,6
870,屋外 リビング 屋根 付,11,2
871,屋外 リビング 家具 雨,15,3
872,屋外 飲み,1,1
873,屋外 家具 雨,2,1
874,屋外 収納,61,2
875,屋外 調理,2,1
876,屋外 用 クッション,2,1
877,屋外 用 クッション 雨,6,4
878,屋外 用 サウナ,3,2
879,屋外 用 ソファ,8,2
880,屋外 用 ソファ 雨,6,2
881,屋外 用 品 収納,37,1
882,屋根 屋上 違い,3,1
883,屋根 上 雪,4,2
884,屋根 鳥,3,2
885,屋根 鳥 対策,38,18
886,屋根 鳥 糞,16,10
887,屋根 鳥 糞 掃除,10,5
888,屋根 融 雪 剤,2,1
889,屋上 DIY,83,18
890,屋上 アイデア,4,2
891,屋上 ある 家 デメリット,1,1
892,屋上 ある 家 後悔,1,1
893,屋上 ある 家 雪,10,5
894,屋上 ある 家 中古,2,1
895,屋上 インテリア,7,2
896,屋上 ウッド デッキ DIY,12,5
897,屋上 オーニング,1,1
898,屋上 オシャレ,2,1
899,屋上 おしゃれ,14,3
900,屋上 おしゃれ DIY,5,3
901,屋上 ガーデニング,373,63
902,屋上 ガーデニング DIY,1,1
903,屋上 ガーデニング デメリット,11,3
904,屋上 ガーデニング 化 メリット,39,4
905,屋上 ガーデニング 化 住宅,2,1
906,屋上 ガーデニング 自分,5,2
907,屋上 ガーデニング 初心者,25,15
908,屋上 カフェ,4,1
909,屋上 キャンプ,288,98
910,屋上 キャンプ 自宅,27,13
911,屋上 グランピング 自宅,42,16
912,屋上 ゴルフ,4,3
913,屋上 ゴルフ 練習 場,10,5
914,屋上 サウナ,113,24
915,屋上 サンルーム,47,20
916,屋上 サンルーム 違法,34,13
917,屋上 サンルーム 費用,5,5
918,屋上 ジャグジー,34,19
919,屋上 ジャグジー 費用,26,15
920,屋上 スペース 活用,3,1
921,屋上 ソーラー,1,1
922,屋上 ソファ,36,18
923,屋上 タープ,197,68
924,屋上 タープ DIY,2,1
925,屋上 タープ テント,7,3
926,屋上 タープ ポール,2,2
927,屋上 タープ 固定,26,15
928,屋上 タープ 支柱,43,13
929,屋上 タープ 設置,2,1
930,屋上 タープ 張り方,1,1
931,屋上 テーブル,2,1
932,屋上 できる 遊 び,4,2
933,屋上 テラス,206,14
934,屋上 テラス DIY,17,6
935,屋上 テラス デメリット,12,2
936,屋上 テラス リフォーム,1,1
937,屋上 テラス 家具,14,5
938,屋上 テラス 戸建て,3,2
939,屋上 テント,93,22
940,屋上 テント サウナ,7,5
941,屋上 テント ペグ,5,4
942,屋上 テント 固定,56,21
943,屋上 テント 風,5,4
944,屋上 ドッグラン,42,18
945,屋上 ドッグラン DIY,15,6
946,屋上 ネット 自宅,7,4
947,屋上 パーゴラ,22,10
948,屋上 パーゴラ 固定,14,8
949,屋上 バーベキュー,505,38
950,屋上 バーベキュー できる 家,4,3
951,屋上 バーベキュー 自宅,134,42
952,屋上 バーベキュー 消防法,6,2
953,屋上 バーベキュー 注意点,11,6
954,屋上 パラソル,4,2
955,屋上 ハンモック,7,5
956,屋上 ビニールハウス,7,5
957,屋上 プール 自宅,13,6
958,屋上 プランター,3,1
959,屋上 プロジェクター,10,6
960,屋上 プロモーション ビデオ ロケ,8,6
961,屋上 プロモーション ビデオ ロケ バンド,17,8
962,屋上 ベランダ,14,4
963,屋上 ポール 固定,8,4
964,屋上 ポール 設置,3,2
965,屋上 ミュージック ビデオ ロケ,13,7
966,屋上 ヨガ,3,2
967,屋上 ライト,9,5
968,屋上 ラティス,4,2
969,屋上 リビング,3,3
970,屋上 リフォーム DIY,13,7
971,屋上 ロケ 地,1,1
972,屋上 囲い,1,1
973,屋上 椅子,1,1
974,屋上 雨,1,1
975,屋上 雨 除け,4,2
976,屋上 映画,6,3
977,屋上 延べ 床 面積,1,1
978,屋上 屋外,10,6
979,屋上 屋根 DIY,28,7
980,屋上 屋根 つける,1,1
981,屋上 屋根 後 付け,2,2
982,屋上 温室,13,6
983,屋上 家具,18,8
984,屋上 家具 雨,2,2
985,屋上 家具 台風,19,14
986,屋上 家庭 ガーデニング,19,8
987,屋上 花火,5,2
988,屋上 花壇,1,1
989,屋上 楽しむ,6,5
990,屋上 活用,2,1
991,屋上 柵 目隠し,3,1
992,屋上 子供 遊 び 場,5,3
993,屋上 子供 遊 び 場 家,7,3
994,屋上 自宅,1,1
995,屋上 芝,2,1
996,屋上 芝生,71,24
997,屋上 芝生 DIY,21,13
998,屋上 芝生 デメリット,18,9
999,屋上 写真,10,2
1000,屋上 床 面積,3,1
1001,屋上 照明,24,9
1002,屋上 植物,5,3
1003,屋上 植物 おすすめ,28,14
1004,屋上 人工芝 デメリット,3,2
1005,屋上 人工芝 台風,13,7
1006,屋上 水栓,1,1
1007,屋上 洗濯,3,2
1008,屋上 洗濯 物,19,8
1009,屋上 洗濯 物 干し,1,1
1010,屋上 掃除,22,16
1011,屋上 太陽光,3,3
1012,屋上 太陽光 発電,21,5
1013,屋上 太陽光 パネル,10,2
1014,屋上 鳥 除け,7,5
1015,屋上 天然 芝,10,5
1016,屋上 日 除け,71,19
1017,屋上 日 除け 固定,2,1
1018,屋上 日 焼け,1,1
1019,屋上 農 園,6,4
1020,屋上 農 園 自宅,6,5
1021,屋上 農 業,3,3
1022,屋上 畑,32,14
1023,屋上 付 一戸建て,12,2
1024,屋上 部屋 つくる,1,1
1025,屋上 風 除け,1,1
1026,屋上 風 対策,8,7
1027,屋上 風呂,38,23
1028,屋上 風呂 自宅,5,2
1029,屋上 物 干し,14,9
1030,屋上 物 干し 固定,8,3
1031,屋上 物置 危険,1,1
1032,屋上 焚き火,102,61
1033,屋上 焚き火 消防法,9,3
1034,屋上 壁,3,1
1035,屋上 目隠し,34,6
1036,屋上 夜,1,1
1037,屋上 野菜,6,5
1038,屋上 有効 活用,1,1
1039,屋上 遊 び,1,1
1040,屋上 遊 び 場,4,3
1041,屋上 用 家具,10,7
1042,屋上 露天 風呂 自作,3,1
1043,屋上 露天 風呂 住宅,3,2
1044,屋上 ガーデニング 芝生,25,3
1045,温かい 飲み 物 インスタント,1,1
1046,温かい 飲み 物 ノンカフェイン,1,1
1047,温室 家庭 ガーデニング,1,1
1048,音楽 おしゃれ 映画,1,1
1049,下ごしらえ 肉 バーベキュー,5,3
1050,夏 グッズ,1,1
1051,家 アイス コーヒー,7,2
1052,家 アフタヌーンティー,144,9
1053,家 キャンプ,120,7
1054,家 キャンプ テント,224,36
1055,家 キャンプ 室内,136,9
1056,家 キャンプ 部屋,22,2
1057,家 キャンプ 料理,1,1
1058,家 ゴルフ 練習,1,1
1059,家 サウナ,55,7
1060,家 サウナ つくる,7,4
1061,家 サウナ テント,1,1
1062,家 サン ルーム,4,2
1063,家 ソロ キャンプ,5,4
1064,家 タープ,7,3
1065,家 タープ 張り方,13,4
1066,家 できる アート,1,1
1067,家 テント,303,16
1068,家 テント 大人,8,2
1069,家 パーティー,340,28
1070,家 パーティー 女子 会,117,8
1071,家 パーティー 食べ物,1,1
1072,家 バーベキュー グッズ,1,1
1073,家 パン 焼 く,2,2
1074,家 パン 焼 く オーブン,1,1
1075,家 プール 付,1,1
1076,家 ライブ,14,2
1077,家 ライブ 楽しみ方,31,6
1078,家 花火,46,5
1079,家 女子 会 料理,1,1
1080,家 中 サッカー,1,1
1081,家 中 サッカー 練習,1,1
1082,家 中 テント,18,6
1083,家 中 テント 子供,1,1
1084,家 虫 寄せ付けない 方法,7,1
1085,家 天体 観測,3,1
1086,家 風呂 サウナ,1,1
1087,家 癒し 空間,1,1
1088,家 友達 パーティー,3,2
1089,家 露天 風呂,3,3
1090,家 露天 風呂 つくる,5,2
1091,家 露天 風呂 費用,65,28
1092,家の中 キャンプ,1,1
1093,家の中 テント,71,11
1094,家飲み おつまみ,7,1
1095,家飲み 料理,2,1
1096,家具 ポイント,1,1
1097,家具 使って できる 運動,25,1
1098,家具 防 音,2,2
1099,家 女子 会 料理,1,1
1100,家庭 ガーデニング 屋上,20,10
1101,家庭 用 サウナ,1,1
1102,家庭 用 サウナ 屋外,8,4
1103,家庭 用 露天 風呂,3,1
1104,家庭 用 サウナ おすすめ,3,3
1105,花火 する,1,1
1106,花粉 洗濯 物 カバー 効果,1,1
1107,蚊 ベランダ 対策,1,1
1108,蚊 寄せ付けない 方法,3,2
1109,芽キャベツ おつまみ チーズ,1,1
1110,外 こたつ,4,3
1111,外 ソファ,17,5
1112,外 ソファ 雨,1,1
1113,外 空気 吸う,6,2
1114,外 空気 吸う 効果,30,11
1115,外壁 鳥 糞 掃除 洗 剤,2,2
1116,楽しい 空間,4,2
1117,株式会社 アイム・ユニバース,202,119
1118,株式会社 アイム・ユニバース 建設,9,8
1119,株式会社 アイム・ユニバース 評判,7,4
1120,完全 防水 ソファ,3,2
1121,缶詰 バーベキュー,1,1
1122,缶詰 直火 レシピ,1,1
1123,気持ち 緩める,4,1
1124,牛肉 下ごしらえ,9,2
1125,牛肉 下ごしらえ 一晩,32,6
1126,強 風 タープ,3,1
1127,強 風 バーベキュー,11,3
1128,強 風 傘 差し方,1,1
1129,強力粉 焼 く だけ,2,1
1130,狭い ベランダ バーベキュー,1,1
1131,狭い 庭 キャンプ,5,4
1132,空中 ヨガ 効果,62,11
1133,鶏 肉 ヨーグルト 漬けすぎ,1,1
1134,建売 住宅 東京,1,1
1135,軒 タープ,3,1
1136,玄関 鳥 糞 掃除,13,4
1137,固形 燃料 レシピ,2,1
1138,戸建 バルコニー 活用,2,1
1139,戸建て サンルーム,1,1
1140,戸建て バーベキュー,1,1
1141,戸建て プール,1,1
1142,戸建て 屋上 バーベキュー,7,3
1143,戸建て 屋上 焚き火,3,2
1144,豪邸 ソファ,4,1
1145,左右対称 構図,1,1
1146,三角 タープ 張り方,1,1
1147,山道具 収納 おしゃれ,1,1
1148,子ども 部屋,10,2
1149,子供 おもちゃ 収納,4,1
1150,子供 おもちゃ 多 すぎ,1,1
1151,子供 おもちゃ 片付 かない,6,1
1152,子供 お絵かき 道具 収納,3,2
1153,子供 部屋 使うまで,1,1
1154,自宅 アフタヌーンティー,13,3
1155,自宅 おもてなし,1,1
1156,自宅 キャンプ,7,2
1157,自宅 キャンプ 飯,1,1
1158,自宅 グランピング テント,1,1
1159,自宅 サウナ,71,19
1160,自宅 サウナ アンド サウナ,4,2
1161,自宅 サウナ サウナ,3,2
1162,自宅 サウナ つくる,144,34
1163,自宅 サウナ ベランダ,18,11
1164,自宅 サウナ 費用,6,5
1165,自宅 タープ,3,1
1166,自宅 テント,16,8
1167,自宅 テント サウナ,2,1
1168,自宅 パーティー,12,3
1169,自宅 バーベキュー,17,5
1170,自宅 バーベキュー コンロ,1,1
1171,自宅 バーベキュー 煙 対策,17,8
1172,自宅 プール,3,1
1173,自宅 プール 消毒,8,2
1174,自宅 プール 費用,2,2
1175,自宅 ホテル,1,1
1176,自宅 ホテル ような 空間,9,4
1177,自宅 リフレッシュ,2,1
1178,自宅 屋上 ジャグジー,2,2
1179,自宅 屋上 テント,10,5
1180,自宅 屋上 ドッグラン,1,1
1181,自宅 屋上 バーベキュー,1,1
1182,自宅 屋上 天体 観測,4,3
1183,自宅 温室,2,1
1184,自宅 岩盤浴 つくる,7,1
1185,自宅 室内 ドッグラン,2,1
1186,自宅 整う,1,1
1187,自宅 駐車場 タープ,4,3
1188,自宅 天体 観測,3,3
1189,自宅 東屋,1,1
1190,自宅 焚き火,1,1
1191,自宅 有酸素 運動,3,1
1192,自宅 露天 風呂,140,39
1193,自宅 露天 風呂 作り方,1,1
1194,自宅 露天 風呂 費用,71,29
1195,自宅 燻製,3,1
1196,自転車 鳥 糞 掃除,36,33
1197,自分 好み とは,1,1
1198,自立式 タープ 風 強い,1,1
1199,七輪 テーブル 上,1,1
1200,七輪 とは,1,1
1201,七輪 レシピ,1,1
1202,七輪 手入れ,1,1
1203,七輪 焼 肉 自宅,3,1
1204,七輪 冬,1,1
1205,七輪 料理,4,2
1206,室内 テント,6,2
1207,室内 テント 夏,8,4
1208,芝生 屋上,3,1
1209,写真 被写体 探し,1,1
1210,趣味 おしゃれ,2,1
1211,趣味 つくる,1,1
1212,趣味 バーベキュー,1,1
1213,趣味 料理,1,1
1214,収納 キャンプ,1,1
1215,住宅 プール,3,1
1216,住宅 防 音 対策,1,1
1217,重量 衝撃 音 対策,2,1
1218,重量 衝撃 音 対策 マット,1,1
1219,女子 パーティー,1,1
1220,女子 会 パーティー,7,2
1221,女子 会 パーティー 家,4,1
1222,女子 会 パーティー 料理,4,1
1223,女子 会 ホーム パーティー,27,7
1224,女子 会 ホーム パーティー メニュー,34,8
1225,女子 会 メニュー 自宅,8,4
1226,女子 会 家,61,10
1227,女子 会 家 パーティー,2,2
1228,女子 会 家 パーティー,32,11
1229,女子 会 家 料理,4,3
1230,女子 会 自宅,13,8
1231,床 音 響く,1,1
1232,床 音 対策,3,2
1233,床 防 音,1,1
1234,床 防 音 対策,1,1
1235,床 防 音 シート,1,1
1236,床 面積 屋上,3,1
1237,焼 肉 下ごしらえ 柔らかく,1,1
1238,衝撃 音 防 音,10,3
1239,上質感,9,3
1240,上質感 とは,1,1
1241,常設 できる テント,2,2
1242,寝 る 前 楽しい こと,2,1
1243,寝 る 前 過ごし方,79,19
1244,寝 る 前 考え事,2,1
1245,寝 る 前 趣味,5,2
1246,寝 室 作り,1,1
1247,心 緩める,6,3
1248,心 地 よい 音楽,1,1
1249,身体 緩める,3,2
1250,身体 緩める 方法,7,3
1251,水 泳 効果 美容,1,1
1252,水 中 ウォーキング 後ろ歩き,1,1
1253,水 風呂 自宅,1,1
1254,水 遊 び アイデア,6,3
1255,睡 眠 寝 る 前 過ごし方,5,2
1256,雀 糞 掃除,1,1
1257,生活 音 対策,1,1
1258,生活 音 防 音 対策,4,1
1259,青い春 映画,2,1
1260,雪 屋根 積もる,2,1
1261,雪 積もる,14,1
1262,雪 早く 溶かす,1,1
1263,雪 溶かし方,1,1
1264,雪 溶かす アイディア,102,6
1265,雪 国 雪 対策,2,1
1266,雪 山 溶かす 方法,1,1
1267,浅田真央 応援 ブログ,1,1
1268,洗濯 干し サンルーム,1,1
1269,掃除 ストレス,2,1
1270,痩せる 趣味,1,1
1271,騒 音 防止 マット,1,1
1272,太陽光 屋上,9,2
1273,太陽光 発電 コンセント 挿すだけ,33,5
1274,太陽光 発電 ベランダ,1,1
1275,太陽光 発電 屋上,20,3
1276,太陽光 発電 災害,4,1
1277,太陽光 発電 災害 用,29,1
1278,太陽光 発電 寿命,5,1
1279,体 緩める,65,14
1280,対比構図,1,1
1281,大人 ハワイアン,20,7
1282,大人 モダン,3,1
1283,大人 モダン インテリア,44,10
1284,大人 空間,17,5
1285,大鍋 料理,3,1
1286,宅飲み 料理 おしゃれ,2,1
1287,達磨堂 金町,3,1
1288,炭火 焼 野菜,1,1
1289,誕生日 料理 おしゃれ,10,3
1290,誕生日 料理 おしゃれ メイン,1,1
1291,虫 ベランダ 寄せ付けない,5,1
1292,虫 活動 時間,1,1
1293,虫 寄せ付けない,115,10
1294,虫 除け おすすめ 屋外,1,1
1295,虫 除け ベランダ,1,1
1296,虫 除け ライト 屋外,1,1
1297,虫 除け 家,1,1
1298,虫 除け 外 置き,1,1
1299,虫 除け 吊るす タイプ 最強,1,1
1300,虫 対策 ベランダ,7,1
1301,駐車場 タープ,1,1
1302,駐車場 屋根 タープ,3,1
1303,駐車場 鳥 糞 掃除,2,2
1304,鳥 カビキラー,2,1
1305,鳥 なつく,1,1
1306,鳥 ハーブ,1,1
1307,鳥 ハイター 嫌い,136,8
1308,鳥 ベランダ,3,1
1309,鳥 ベランダ 掃除,3,1
1310,鳥 ベランダ 漂白 剤,370,29
1311,鳥 ローズマリー,1,1
1312,鳥 羽 掃除,7,3
1313,鳥 塩素,21,1
1314,鳥 屋根,2,1
1315,鳥 屋根 撃退,1,1
1316,鳥 屋根 上,24,8
1317,鳥 屋根 対策,9,3
1318,鳥 害,1,1
1319,鳥 忌避 剤 手作り,2,1
1320,鳥 撃退 屋根,2,1
1321,鳥 撃退 方法,3,2
1322,鳥 嫌い,1,1
1323,鳥 除け,19,2
1324,鳥 除け ハーブ,4,1
1325,鳥 除け 屋根,7,3
1326,鳥 除け 植物,1,1
1327,鳥 掃除,6,4
1328,鳥 対策,25,3
1329,鳥 対策 カビキラー,2,1
1330,鳥 対策 屋根,15,4
1331,鳥 熱湯,2,1
1332,鳥 避け グッズ,1,1
1333,鳥 漂白 剤,20,4
1334,鳥 糞,887,77
1335,鳥 糞 アルコール,84,10
1336,鳥 糞 アルコール 消毒,8,4
1337,鳥 糞 かかった,3,1
1338,鳥 糞 クエン酸,20,6
1339,鳥 糞 する 場所,2,1
1340,鳥 糞 ついた,6,1
1341,鳥 糞 ベランダ,23,13
1342,鳥 糞 ベランダ 掃除,17,7
1343,鳥 糞 害,21,4
1344,鳥 糞 害 対策,2,2
1345,鳥 糞 乾燥,1,1
1346,鳥 糞 取り方,2,2
1347,鳥 糞 手洗い,3,1
1348,鳥 糞 臭い,4,2
1349,鳥 糞 臭い 消し,3,3
1350,鳥 糞 処理,6,4
1351,鳥 糞 除去,1,1
1352,鳥 糞 消毒,1,1
1353,鳥 糞 色,22,5
1354,鳥 糞 清掃,3,1
1355,鳥 糞 洗 剤,65,38
1356,鳥 糞 洗い方,2,2
1357,鳥 糞 掃除,2356,500
1358,鳥 糞 掃除 ベランダ,11,4
1359,鳥 糞 掃除 仕方,16,8
1360,鳥 糞 掃除 重曹,4,3
1361,鳥 糞 掃除 洗 剤,161,81
1362,鳥 糞 掃除 方法,20,8
1363,鳥 糞 対策,59,23
1364,鳥 糞 対策 屋根,38,18
1365,鳥 糞 同じ 場所,3,3
1366,鳥 糞 白 掃除,35,18
1367,鳥 糞 被害,5,2
1368,鳥 糞 落とし方,25,11
1369,鳥 糞 落とし方 リュック,6,2
1370,鳥 糞 落とし方 自転車,8,3
1371,鳥 糞 落とし方 壁,10,4
1372,鳥 糞 落とす 方法,2,1
1373,鳥 来 なく,4,2
1374,鳥 来 なく 方法,9,5
1375,吊るす ヨガ,1,1
1376,庭 キャンプ 狭い,17,5
1377,庭 キャンプ 用 品 収納 物置,5,1
1378,庭 こたつ,1,1
1379,庭 サウナ,52,11
1380,庭 サウナ つくる,4,2
1381,庭 ソファ 雨,5,2
1382,庭 タープ,19,4
1383,庭 タープ おすすめ,1,1
1384,庭 タープ ポール,1,1
1385,庭 タープ 常設,159,23
1386,庭 タープ 柱,9,5
1387,庭 タープ 張り方,20,10
1388,庭 タープ 張る,16,4
1389,庭 できる 運動,15,8
1390,庭 できる 遊 び,2,2
1391,庭 テント 張りっぱなし,61,10
1392,庭 トレーニング,6,3
1393,庭 パーティー,9,3
1394,庭 ハーブ おしゃれ,1,1
1395,庭 バーベキュー 屋根,2,1
1396,庭 プール つくる,1,1
1397,庭 プロジェクター,1,1
1398,庭 ポール,1,1
1399,庭 ポール 立てる,1,1
1400,庭 雨 除け タープ,5,2
1401,庭 運動,6,3
1402,庭 屋根,1,1
1403,庭 屋根 DIY,3,1
1404,庭 暖房,1,1
1405,庭 虫 寄せ付けない,1,1
1406,庭 風 対策,1,1
1407,庭 風呂,1,1
1408,庭 遊 具 おすすめ,2,2
1409,庭 露天 風呂 費用,3,2
1410,天体 観測 家,2,1
1411,天体 観測 楽しみ方,50,14
1412,天体 観測 始め方,1,1
1413,天体 観測 自宅,22,12
1414,天体 観測 趣味,38,7
1415,天体 観測 趣味 初心者,5,3
1416,天体 観測 初心者,2,1
1417,天体 観測 方法,1,1
1418,天体 望遠鏡 楽しみ方,3,3
1419,登山 コップ,1,1
1420,登山 マグ カップ,2,1
1421,冬 キャンプ 飲み 物,2,1
1422,冬 キャンプ 朝食,13,4
1423,冬 キャンプ 飯,2,2
1424,冬 キャンプ 料理,1,1
1425,冬 バーベキュー 自宅,3,1
1426,冬 バーベキュー 自宅 寒さ 対策,6,3
1427,東京 プール 付 一戸建て,1,1
1428,東金町 再開発,1,1
1429,糖質 少ない おつまみ,1,1
1430,糖質 制限 パーティー レシピ,1,1
1431,踏み台 昇降 便秘,3,2
1432,道路 鳥 糞 掃除,4,3
1433,読書 コーナー,4,1
1434,豚 ハラミ 下ごしらえ,1,1
1435,豚 ハラミ 下ごしらえ,1,1
1436,豚 ロース バーベキュー 下ごしらえ,1,1
1437,豚 肉 下ごしらえ バーベキュー,6,3
1438,豚 トロ 下ごしらえ,1,1
1439,鍋 パン 焼 く,1,1
1440,南国 リゾート 植物,1,1
1441,肉 下ごしらえ,40,11
1442,肉 柔らかく 下ごしらえ,2,1
1443,日 除け 屋上,4,2
1444,猫 テラス,1,1
1445,猫 屋上,2,1
1446,猫 庭 出す,1,1
1447,猫 転落,1,1
1448,猫 遊 べる 庭,1,1
1449,配信 ライブ 楽しみ方,9,5
1450,配信 ライブ 食べ物,11,9
1451,白 家具 安っぽい,20,4
1452,白 空間,1,1
1453,飯 パン,3,2
1454,部屋 キャンプ テント,27,13
1455,部屋 テント,1,1
1456,部屋 ロー スタイル,3,1
1457,部屋 屋外 用 品,1,1
1458,風 強い キャンプ,3,1
1459,風 強い タープ おすすめ,6,2
1460,風 強い テント,8,2
1461,風 強い 感じる 風 速,8,5
1462,風 強い 時 バーベキュー,11,1
1463,風 強い 日 キャンプ,3,1
1464,風 強い 日 何 する,36,2
1465,風 対策,148,11
1466,風 飛ばない パラソル,1,1
1467,風呂 サウナ 化,2,2
1468,物置 キャンプ 用 品,1,1
1469,物置 キャンプ 用 品 カビ,7,3
1470,物置 キャンプ 用 品 収納,6,3
1471,物置 タープ,2,1
1472,焚き火 したい,1,1
1473,焚き火 パチパチ,1,1
1474,焚き火 屋上,9,8
1475,焚き火 火事 対策,1,1
1476,焚き火 室内,1,1
1477,焚き火 消し 方,2,1
1478,焚き火 台 バーベキュー コンロ,1,1
1479,壁 穴  開けない サンルーム,1,1
1480,防 音 家具,1,1
1481,防 音 対策,21,2
1482,本 収納,50,4
1483,本 収納 アイデア,2,2
1484,眠 る前,5,2
1485,眠 れる 部屋,1,1
1486,無煙 バーベキュー コンロ 屋外,1,1
1487,夜 時間 過ごし方,1,1
1488,野外 シアター,1,1
1489,野外 スクリーン,1,1
1490,野菜 バーベキュー,1,1
1491,癒し インテリア,1,1
1492,友達 パーティー,16,4
1493,友達 ホーム パーティ,10,7
1494,友達 家 ご飯 パーティー,33,4
1495,友達 家 パーティー,18,7
1496,有酸素 運動 自宅,7,1
1497,融 雪 剤 屋根,2,2
1498,洋楽 屋上 プロモーション ビデオ ロケ,4,4
1499,雷 被害,1,1
1500,藍川 高校,1,1
1501,藍川眞樹,12,5
1502,冷燻 おすすめ 食材,1,1
1503,露天 風呂 つくる 費用,1,1
1504,露天 風呂 屋上,3,3
1505,露天 風呂 作り方,2,2
1506,露天 風呂 施工 費用,10,4
1507,露天 風呂 自宅,45,12
1508,露天 風呂 自宅 費用,28,18
1509,露天 風呂 設置,7,5
1510,露天 風呂 費用,14,5
1511,燻製 おすすめ,9,1
1512,燻製 キット おすすめ,1,1
1513,燻製 ベランダ 煙 対策,1,1
1514,燻製 自宅,33,5
1515,燻製 室内 匂い,1,1
1516,燻製 初心者 自宅,1,1
1517,燻製 食材,11,2
1518,燻製 食材 下ごしらえ なし,92,11
1519,燻製 庭,2,1
1520,燻製 魅力,8,3
1521,燻製 野菜,1,1
1522,燻製 野菜 おすすめ,1,1